Date,Periodo,QQQ,SPY,GLD,TLT
2021-02-24,-1,0.0082094447811648,0.0109588884135662,-0.0007097783269727,-0.0065815921436735
2021-02-25,-1,-0.0354847036909648,-0.0243905389287085,-0.0189958080653072,-0.016465343465997
2021-02-26,-1,0.0041788995087,-0.0051661325094302,-0.0244801145341545,0.0325239806242433
2021-03-01,-1,0.0296385698121138,0.0239510564823475,-0.0017319159550744,-0.0132954051448439
2021-03-02,-1,-0.0161689848365224,-0.0078338176866221,0.0054331483665202,7.102577182549771e-05
2021-03-03,-1,-0.0294493875154753,-0.0133339604321407,-0.0110827283745206,-0.0109049334170725
2021-03-04,-1,-0.0165025320714488,-0.0124521258433338,-0.0098855956672333,-0.0064709981734747
2021-03-05,-1,0.0149487499705885,0.0182294927361825,0.0006286134207733,0.0019458276519351
2021-03-08,-1,-0.0287230761597569,-0.0049912749889665,-0.0104223150481412,-0.0078049094796678
2021-03-09,-1,0.0386834204178924,0.0141765142397972,0.0210480601944894,0.0137622344411566
2021-03-10,-1,-0.0028587952331909,0.0062051719750833,0.0050853276984302,0.0020017666342297
2021-03-11,-1,0.0227703657037266,0.0100882994699587,-0.0008663865026826,-0.0072392232567605
2021-03-12,-1,-0.0081455589172434,0.0013458263190737,-0.0001857451996914,-0.0214501310905353
2021-03-15,-1,0.0106264857444283,0.0059459651133893,0.0043868676100483,0.0058629094954091
2021-03-16,-1,0.0054737184141059,-0.0012622588190478,0.0009244132771239,-0.0040270225632987
2021-03-17,-1,0.0041089127879227,0.0034040633042745,0.0071195808075622,-0.0075111755213696
2021-03-18,-1,-0.0311094589184801,-0.0146567203349107,-0.0058269675795917,-0.0101780451781402
2021-03-19,-1,0.003519095269008,-0.0018519169702672,0.0041743948168263,0.0061784849493259
2021-03-22,-1,0.0185795021660801,0.0079533158268629,-0.0014713433816878,0.0111436717324926
2021-03-23,-1,-0.0043722016694546,-0.0079018482050947,-0.0073274084831506,0.0089864301803875
2021-03-24,-1,-0.0170090128843421,-0.0050965342167664,0.0034548592032761,0.0053678199003456
2021-03-25,-1,-0.0017330625600626,0.0056098142327854,-0.0036402714825327,-0.007916704579633
2021-03-26,-1,0.014888730618055,0.0159864738792148,0.0028393742167224,-0.0035065508350425
2021-03-29,-1,-0.0002848293071183,-0.0005053018432442,-0.0119673287887777,-0.0085239841998783
2021-03-30,-1,-0.0050457404618113,-0.0026563527698166,-0.0172395750160292,0.0052263765858692
2021-03-31,-1,0.0151870041545439,0.0040450115052064,0.0150539754945091,-0.0055956352623753
2021-04-01,-1,0.0169024785190607,0.0107411738681438,0.0125490184935917,0.0164609623103419
2021-04-05,-1,0.0197683354484707,0.0142512950977216,-0.0003704696536619,-0.0043731061689251
2021-04-06,-1,-0.0006948640576838,-0.0005909466334602,0.0079966167292692,0.0067702327728529
2021-04-07,-1,0.0024150171352054,0.0011566133645405,-0.0028223021365765,-0.0069893067995022
2021-04-08,-1,0.0103797260486614,0.004735685660239,0.0106946358568615,0.008221647985491
2021-04-09,-1,0.0060400006615387,0.0072437920607564,-0.0075660269341201,-0.0036294677899166
2021-04-12,-1,-0.0013061319379558,0.0003644741407581,-0.0060820674901002,-0.0004362191264855
2021-04-13,-1,0.0116056317648082,0.0029592613746129,0.0070614884732901,0.0074654222731204
2021-04-14,-1,-0.0120810036478768,-0.0034210142302572,-0.0043537794872208,-0.0031825831894512
2021-04-15,-1,0.0150417895646527,0.010685342984045,0.0160335365383925,0.0165956313083749
2021-04-16,-1,0.0011704181978766,0.0033368301809462,0.0060295628147861,-0.0077965217910017
2021-04-19,-1,-0.0091941045009463,-0.0049252699037275,-0.0027691247303623,-0.0028758942355881
2021-04-20,-1,-0.0073152205871213,-0.007348357349891,0.0035502419969409,0.0045980023359878
2021-04-21,-1,0.0085243692458788,0.0094176163304517,0.0098623623108536,0.0020052583225633
2021-04-22,-1,-0.0121276539375259,-0.0091750984912563,-0.0065042542316209,0.004354401370678
2021-04-23,-1,0.0125108794606358,0.010784035854984,-0.0038387727937765,-0.0023533457208991
2021-04-26,-1,0.006489984939319,0.0020854764433664,0.0026407556715896,-0.0014287630011841
2021-04-27,-1,-0.0043416152006185,-0.0002155266327676,-0.002520544909244,-0.0087617026374421
2021-04-28,-1,-0.0033864787371595,-0.0002874930131138,0.002940064461277,0.0006489309881762
2021-04-29,-1,0.0035923771036689,0.0063527042817246,-0.0041425474621681,-0.0029594229267737
2021-04-30,-1,-0.0065764559028463,-0.0065922411367671,-0.0033747021924852,0.0023104919385974
2021-05-03,-1,-0.0053396185820465,0.0021543904049502,0.0128948551881409,0.0005995289759085
2021-05-04,-1,-0.0181596655975587,-0.0061883381589844,-0.007356686965198,0.0067631293992426
2021-05-05,-1,-0.0033678757613475,0.0003125592204602,0.0041336133669812,0.0016478833652307
2021-05-06,-1,0.0075090594708903,0.007953982122873,0.0165420027352803,0.0016451723125315
2021-05-07,-1,0.0080817664591714,0.0072515860913706,0.0089565873538219,-0.0049434685365383
2021-05-10,-1,-0.0255786357984641,-0.0099517301296332,0.0030259218728549,-0.0101790838880844
2021-05-11,-1,-0.0013827180017255,-0.0089648111219787,0.0001742848474817,-0.0056752369137456
2021-05-12,-1,-0.026223467133965,-0.0214742440854833,-0.0099834834134529,-0.0105636100573377
2021-05-13,-1,0.0077016122731744,0.0119409687744391,0.0040989178599215,0.0015472416967638
2021-05-14,-1,0.0218364989431955,0.0152386829096437,0.009074563611959,0.0093081397169864
2021-05-17,-1,-0.0060849588475891,-0.0025477129883566,0.0115721059373621,-0.002117871488645
2021-05-18,-1,-0.0067739394904874,-0.0086531286023136,0.0019442812059788,-0.0025618832080574
2021-05-19,-1,0.0011480471084582,-0.0026250782400145,0.0006853819629941,-0.0024219058841631
2021-05-20,-1,0.0191588015674717,0.010700291158992,0.0045568717957412,0.0081952872066437
2021-05-21,-1,-0.0055500602928946,-0.0008188358040637,0.0004544691684223,0.0032014100695691
2021-05-24,-1,0.0166791853555978,0.0101425372935439,0.0017594874877142,0.0036971912883368
2021-05-25,-1,0.0013823779210981,-0.0022210974817667,0.0090319035143782,0.0092207343205094
2021-05-26,-1,0.0034776487722912,0.0019825722256213,-0.0017435678186662,-0.0017223643029496
2021-05-27,-1,-0.0037480538265749,0.0005247269757509,0.0003940189892895,-0.0040306155409387
2021-05-28,-1,0.0031493084319202,0.0017872747361977,0.0037630876338542,-0.001587836343242
2021-06-01,-1,-0.0033295876824224,-0.0008813157579246,-0.0026945732480542,-0.0002241286258586
2021-06-02,-1,0.0019510924469943,0.0015713399183637,0.0048785269631015,0.0023128334352402
2021-06-03,-1,-0.0104603281264742,-0.0037181759473652,-0.0197724208646648,-0.0037608195537044
2021-06-04,-1,0.0168274182443482,0.00910429000628,0.0107256332646573,0.013601044315704
2021-06-07,-1,0.0029751978691355,-0.0009706249254684,0.0039996192096109,-0.0030783467488911
2021-06-08,-1,0.0004754311077112,0.0002131428506069,-0.0030968677538627,0.0070020169202642
2021-06-09,-1,0.0002373980108925,-0.001493031917323,-0.0019193434836643,0.008790815068428
2021-06-10,-1,0.0103667913048426,0.0046374907544609,0.0042851315176653,0.0059811046840246
2021-06-11,-1,0.0026110492491721,0.0016511523996674,-0.0113161778909122,-0.0016151281382136
2021-06-14,-1,0.0095370624299298,0.0022364214844435,-0.0058781664100421,-0.0076887892702884
2021-06-15,-1,-0.0065523095739219,-0.0018357312875483,-0.0037848631237422,-0.0012050121776346
2021-06-16,-1,-0.0036585842787365,-0.0055990026074417,-0.0170360036803554,-0.0008506943690935
2021-06-17,-1,0.0126175297015721,-0.0003317943035106,-0.0312228259164103,0.0148607302824424
2021-06-18,-1,-0.007878448981885,-0.0135819177730364,-0.0055627051424659,0.0186314474967629
2021-06-21,-1,0.0061957587902116,0.0142142334661002,0.012173251058176,-0.0168847409048318
2021-06-22,-1,0.0092785470889748,0.0053318520653642,-0.004201668574228,0.0024394389673276
2021-06-23,-1,0.0004889079943271,-0.0012060373780271,-0.0006618767987564,-0.0025788217090491
2021-06-24,-1,0.0061639356363229,0.0058984613420104,-0.0006021199876096,0.0016035755349275
2021-06-25,-1,-0.0012300382443343,0.0035457834591402,0.0033069991892593,-0.0104377020595534
2021-06-28,-1,0.0120884509051475,0.0020138973029342,-5.999643961855651e-05,0.0102286189160615
2021-06-29,-1,0.0036120791445823,0.0005378794245239,-0.0105610346472273,0.0016715652545512
2021-06-30,-1,-0.0015785247638318,0.0008412290340686,0.0048417635922936,0.004443344705786
2021-07-01,-1,0.0003950636713714,0.0055214180115556,0.0034354496150826,5.535054957020891e-05
2021-07-02,-1,0.011413326450209,0.0076142870799847,0.0065369291506959,0.0060167407679751
2021-07-06,-1,0.00431225728179,-0.0018229651739044,0.0049491878832175,0.0116529526728647
2021-07-07,-1,0.0021079452826622,0.0035278314671376,0.003799573612682,0.0088198789691326
2021-07-08,-1,-0.0060580698978321,-0.0081814839911922,-0.000652029388752,0.0039102233255295
2021-07-09,-1,0.0062240211892522,0.0106182116245647,0.0033150614410246,-0.0141623025298636
2021-07-12,-1,0.0038983456085853,0.0035755736558599,-0.0012418718351821,-0.0012977135163282
2021-07-13,-1,0.0,-0.0034147535697316,0.0013009357869861,-0.0076827951098255
2021-07-14,-1,0.0017917073054971,0.0014911305325207,0.0106977573134754,0.0112977733133313
2021-07-15,-1,-0.007048069284978,-0.0034214143389261,0.0001754642548268,0.0109703997265926
2021-07-16,-1,-0.0081324704020412,-0.0078743744040672,-0.009751038308664,-0.0018876829810327
2021-07-19,-1,-0.0082270647799124,-0.0148782320250664,0.0011798535126086,0.021691074064144
2021-07-20,-1,0.0115494195270168,0.0142287551923059,-0.0012979424872485,-0.0096858371807121
2021-07-21,-1,0.0076906121825718,0.0080637066005434,-0.0037261902890749,-0.0127483299641709
2021-07-22,-1,0.0065885795703827,0.0020918907139478,0.001953541186602,0.0094093492740773
2021-07-23,-1,0.0116097815581024,0.0102354761769064,-0.0031393408805519,-0.0067119512966988
2021-07-26,-1,0.0007873926072513,0.002451865291968,-0.0023758261058627,-0.0029671334292723
2021-07-27,-1,-0.0110792866806841,-0.0045680175833139,0.0016636888817755,0.0106147559850412
2021-07-28,-1,0.0038342546473895,-0.0004101456015335,0.0050335632022407,6.705268511094193e-05
2021-07-29,-1,0.0017752778356891,0.004138736145301,0.0110440230200986,-0.0055618885339539
2021-07-30,-1,-0.0052253932096903,-0.0048678810166504,-0.0079181083097629,0.004692329515083
2021-08-02,-1,8.215518844717678e-05,-0.0021004881691972,-0.0012374082182159,0.0088799076229112
2021-08-03,-1,0.0060431494538222,0.0081026441925101,-0.0007077270423842,0.0005306971487652
2021-08-04,-1,0.0014440099238522,-0.0049312483550361,0.0002359346694256,0.0020542180538925
2021-08-05,-1,0.0063229536590316,0.0063129235882254,-0.0039599222534518,-0.0051101952280175
2021-08-06,-1,-0.0043920200637951,0.0016510300162679,-0.0253087044773451,-0.0168415939556765
2021-08-09,-1,0.0018458989622984,-0.0008138578855708,-0.0178948160577297,-0.0035933791633231
2021-08-10,-1,-0.0051387619193122,0.0012432896633532,0.0003091474314937,-0.0046280324081955
2021-08-11,-1,-0.0017191193362629,0.0024818056613817,0.0136908280718836,-0.0006149729391162
2021-08-12,-1,0.0035981248859499,0.0029925697058956,0.0002438317714271,-0.0016395911814193
2021-08-13,-1,0.0035039313241466,0.0018180070080044,0.0142241671635916,0.015672145595333
2021-08-16,-1,0.0004335736939566,0.0023518638506994,0.0049758912626773,0.0024210557837387
2021-08-17,-1,-0.0088471075228496,-0.0065768621111597,-0.001496155150116,-0.000403063024129
2021-08-18,-1,-0.0096710831812355,-0.011005119910144,0.0007783092556947,0.0033535904235662
2021-08-19,-1,0.0048196432477876,0.0015469801317578,-0.0029367165231408,0.0073383376623993
2021-08-20,-1,0.0103049458164571,0.0079255873053805,0.0005400158455303,0.000664033572957
2021-08-23,-1,0.0148461875802163,0.0087580812803853,0.012104007439095,-0.0006640335729571
2021-08-24,-1,0.0030497146862045,0.0015860694324534,-0.0004742535717267,-0.0078073455235751
2021-08-25,-1,0.0011479056250878,0.0020963779348291,-0.0069616096765641,-0.0083411208707358
2021-08-26,-1,-0.0063703990699968,-0.0059208072947602,0.0011338353884634,0.0027658058551122
2021-08-27,-1,0.009673263333848,0.0089012381253598,0.0149177233226356,0.0067805375560557
2021-08-30,-1,0.0111597593869599,0.0043880711106557,-0.0049478590471494,0.0026059316783409
2021-08-31,-1,-0.0008156204242505,-0.0014829029442597,0.0020056420675674,-0.0068301666808475
2021-09-01,-1,0.0016569203847719,0.0005314119651737,5.88968847449306e-05,0.0016739959861671
2021-09-02,-1,-0.0004732316452599,0.0030718023941951,-0.0026552424645444,0.0043557653578446
2021-09-03,-1,0.0030710659051387,-0.0002426983610048,0.0106374460880295,-0.0091357880761489
2021-09-07,-1,0.0014140195068179,-0.0035818536518649,-0.0197780205042791,-0.0084718958544063
2021-09-08,-1,-0.0034866781868535,-0.0012190953956982,-0.0025075441660514,0.0067832131237475
2021-09-09,-1,-0.0034461169427612,-0.0042892145665136,0.0044137344149745,0.0120275997451461
2021-09-10,-1,-0.0076185290936738,-0.0079159889289973,-0.0050714951644253,-0.0088556392021417
2021-09-13,-1,-0.0006906894072826,0.0025561522127635,0.0033441618437189,0.0060465938940328
2021-09-14,-1,-0.0028472695000484,-0.0054113936969094,0.0064179076360024,0.0120502547052571
2021-09-15,-1,0.0074072718296423,0.0083179871802328,-0.0058815287100911,-0.0035133799946355
2021-09-16,-1,0.0006875481120598,-0.0015863159615567,-0.0229022427478189,-0.0045928033503781
2021-09-17,-1,-0.0119128298179204,-0.0097889416434223,-0.0015862999324902,-0.0048153892517702
2021-09-20,-1,-0.0208796873747751,-0.0168147389102275,0.0071187556570393,0.0123253731872239
2021-09-21,-1,0.0012295344303022,-0.0009451161484189,0.0066468965426044,-0.0008608075306543
2021-09-22,-1,0.0092973647017859,0.0097076881453768,-0.0037409995549623,0.0059474557902325
2021-09-23,-1,0.0091846171050394,0.0120766097395129,-0.0116135662434195,-0.0228566482680465
2021-09-24,-1,0.0009378316163439,0.00164587430968,-0.0012850982867509,-0.0098215372560185
2021-09-27,-1,-0.0080142794666226,-0.0028650498861757,0.0020798706668898,-0.0036827456958628
2021-09-28,-1,-0.0287055114474273,-0.0203577482622621,-0.0097639409115995,-0.0156997080198417
2021-09-29,-1,-0.0016410006211819,0.0016818915479897,-0.0045149330127863,0.0017337086044003
2021-09-30,-1,-0.0036807501242424,-0.0122976129771934,0.0178169843070141,-0.0001382716611325
2021-10-01,-1,0.006182690218771,0.0118140902708192,0.0022505110921036,0.0083801361577529
2021-10-04,-1,-0.0212128115183245,-0.0129798662671768,0.0046674082584735,-0.0025489536474194
2021-10-05,-1,0.0134085557015181,0.0103512608628181,-0.0046674082584735,-0.0097028019086348
2021-10-06,-1,0.0063872758039395,0.0041474297890985,0.002669757352534,0.0056253198359696
2021-10-07,-1,0.0091332959597282,0.0086083073102659,-0.0052856838680448,-0.0105131770248761
2021-10-08,-1,-0.0049991045337685,-0.0018251864373766,0.0004262740437871,-0.0070231651771798
2021-10-11,-1,-0.0076991606317122,-0.0072660688650663,-0.001889365574135,-0.0025407981849592
2021-10-12,-1,-0.0034940329039208,-0.0024647710256722,0.004504271350483,0.0169553548635971
2021-10-13,-1,0.0079761467900987,0.0035911881697093,0.0176377344344727,0.0096789602175248
2021-10-14,-1,0.0182492759812048,0.016680971287175,0.0024434808580754,0.003709101542916
2021-10-15,-1,0.0062808322363113,0.0075866729089411,-0.0160204917648545,-0.0058436762242829
2021-10-18,-1,0.0100054498469316,0.0029563614251636,-0.0024829909023894,0.0046776455567254
2021-10-19,-1,0.0075389202899737,0.0076852111991388,0.0032085191864092,-0.0138905611283875
2021-10-20,-1,-0.0013058213069102,0.0039200395188835,0.0087257781754686,-0.0067734277251031
2021-10-21,-1,0.0060883112788384,0.0026048011193501,-0.0008991093021597,-0.0011914722599315
2021-10-22,-1,-0.0084377578935093,-0.0010365755119369,0.0060983344527552,0.0109526980231277
2021-10-25,-1,0.0101857495576878,0.0053483396241156,0.0068903653296167,-0.0015273310919253
2021-10-26,-1,0.0031438238982111,0.0008996598091092,-0.0074270271251684,0.0082343966713299
2021-10-27,-1,0.0023182086065276,-0.0044402079303248,0.002620623640364,0.0180311667752049
2021-10-28,-1,0.0110442411883482,0.009602780034982,-0.0002379136626084,-0.0033901171111636
2021-10-29,-1,0.0049068927056785,0.0020269436688244,-0.0085442993017005,0.0030519849260897
2021-11-01,-1,0.0034129372465577,0.0017187795351582,0.0052070044974187,-0.0072259207688071
2021-11-02,-1,0.004172834929441,0.0040348863007103,-0.002151313138887,0.0044285295514882
2021-11-03,-1,0.0105595731339125,0.006086672931192,-0.0083501482773226,-0.0103874731909431
2021-11-04,-1,0.0127370317902864,0.0047014999304711,0.0112771252957394,0.0104554652292208
2021-11-05,-1,0.0009538727518068,0.0034636556813234,0.0129783593269464,0.0148449194287258
2021-11-08,-1,-0.0013557095412054,0.000853200681827,0.0035851848469019,-0.001877186391109
2021-11-09,-1,-0.0069071879658429,-0.003310672925341,0.0049160066341954,0.0129347557928666
2021-11-10,-1,-0.0148060855664359,-0.0080774708828987,0.0108002482845723,-0.0184523349213502
2021-11-11,-1,0.0027691389207506,0.000323572307902,0.0055864530427388,-0.0014856562992796
2021-11-12,-1,0.0104675698282712,0.0075185612968071,0.0018934614978916,-0.0044023721261744
2021-11-15,-1,-0.0002281480907489,0.0003421774565381,-0.0015489449243058,-0.0126358796289276
2021-11-16,-1,0.0070956702901825,0.0039501048019414,-0.0072601560044779,-0.0025469935085274
2021-11-17,-1,0.0005283447717714,-0.0024319569540077,0.0090956924320787,0.0078935995886012
2021-11-18,-1,0.0103079654375038,0.0033905239979741,-0.0032143154449525,0.0037533801066221
2021-11-19,-1,0.0055601450162698,-0.0017901333011473,-0.0076757082629164,0.0105027457455624
2021-11-22,-1,-0.0116770793489593,-0.0028187977965114,-0.0226756166431203,-0.0117974625176129
2021-11-23,-1,-0.0045684254853141,0.0013248669732041,-0.0086900534684789,-0.0145645864978314
2021-11-24,-1,0.0032152511961992,0.0026662092120217,-0.0009569597921073,0.0159279030357494
2021-11-26,-1,-0.0191409360601285,-0.0225554128985181,-0.0016168462526691,0.0249549048511361
2021-11-29,-1,0.0214702262207159,0.012191849408795,-0.0013795005365548,-0.008070732937981
2021-11-30,-1,-0.0147951050179927,-0.0196492541007113,-0.0067445464245647,0.0150877007767353
2021-12-01,-1,-0.0171592272178428,-0.0111694304571261,0.0039800067903959,0.0061499152482586
2021-12-02,-1,0.007181093013183,0.0152002309054707,-0.005552205835401,0.0012466901501157
2021-12-03,-1,-0.0175415692540933,-0.008739504773091,0.0083768190817409,0.0118612600911124
2021-12-06,-1,0.0079812322179958,0.0117740012806377,-0.0024635953850727,-0.013830071765435
2021-12-07,-1,0.0296691643361433,0.0204735172559809,0.0035432060613326,-0.0081127956361468
2021-12-08,-1,0.0044642526559307,0.002644590929323,0.0005393685677794,-0.0174360596918766
2021-12-09,-1,-0.0148235242294391,-0.006774381425035,-0.0061301292839007,0.0055783265307341
2021-12-10,-1,0.0108117451618006,0.009369345106011,0.0042110206852463,-0.0024157783575516
2021-12-13,-1,-0.014552236346903,-0.0088977977284925,0.0025181269175168,0.0146705846470966
2021-12-14,-1,-0.0104041887625924,-0.0069039511498827,-0.0093852063396415,-0.002385388672353
2021-12-15,-1,0.0225413100478617,0.015504438404324,0.0042823519885167,-0.0096686105600397
2021-12-16,-1,-0.0260509347017898,-0.0088577554276911,0.0120249708405399,0.0003888169167434
2021-12-17,-1,-0.0050015976527758,-0.0106998171661961,-0.0021431166861886,0.0112679931288026
2021-12-20,-1,-0.0097476910076251,-0.0106904656792075,-0.004240244730917,-0.0075202435106014
2021-12-21,-1,0.0221336195483018,0.0176031866440236,-0.0004189761834467,-0.0038145374223973
2021-12-22,-1,0.0121049157365419,0.0099488404110324,0.0093561188001071,0.0046160361989724
2021-12-23,-1,0.0075108893400328,0.0062030296124162,0.0022514814912111,-0.0087148154751023
2021-12-27,-1,0.0163921400693738,0.0140528989373203,0.0023644504768288,0.0024205781343257
2021-12-28,-1,-0.0046456408588396,-0.0008173559873624,-0.0043193803400249,-0.0039709777458407
2021-12-29,-1,-0.0001492852252663,0.0012781979562738,-0.0002965516280151,-0.0109841205940449
2021-12-30,-1,-0.0029928144097058,-0.0027683103920671,0.0071515817441825,0.0083514102100673
2021-12-31,-1,-0.0062641631460318,-0.0025232763934267,0.0068083584325513,0.0019587924516393
2022-01-03,-1,0.0095806600961165,0.0057729563224142,-0.0155033009737006,-0.0266011856903595
2022-01-04,-1,-0.0130555051861456,-0.0003347182303172,0.0073395148031692,-0.004166279512286
2022-01-05,-1,-0.0312028223794262,-0.0193889911525028,-0.0030121970522097,-0.005443254331702
2022-01-06,-1,-0.000702824712088,-0.000939747306217,-0.0123197037802094,0.0025854915581824
2022-01-07,-1,-0.0108920079396807,-0.0039614143477886,0.0045408125722829,-0.0072137497613603
2022-01-10,-1,0.0006581397733692,-0.0012452570731886,0.0030355936239956,0.0024574244031904
2022-01-11,-1,0.014910089719117,0.0090672725250101,0.0119924571366455,0.006639382412426
2022-01-12,-1,0.0039579135004812,0.0026997742288401,0.0026391371424113,-0.0038384557569755
2022-01-13,-1,-0.0253344743630971,-0.0138742951115517,-0.003402771341298,0.0088408341868342
2022-01-14,-1,0.0062033823621011,0.0004087505065039,-0.0028838291505565,-0.0152247415786154
2022-01-18,-1,-0.0252092542024115,-0.0178682153945223,-0.0016516182679313,-0.0141747773142916
2022-01-19,-1,-0.0110445295461391,-0.010437747947959,0.0157557506051342,0.0068997776589791
2022-01-20,-1,-0.0130734024164239,-0.0111298187062588,-0.0025020112544038,0.0061482983448943
2022-01-21,-1,-0.0281204760843258,-0.019825893141359,-0.0032677719138099,0.011836322791674
2022-01-24,-1,0.0045676000984447,0.0042377983399079,0.005479160681096,-0.008249432952784
2022-01-25,-1,-0.0234545697569669,-0.0122842184024845,0.0031920345769763,-0.0016160871581191
2022-01-26,-1,-0.0015657257082727,-0.0025119302030909,-0.0162985679043135,-0.0121676541878313
2022-01-27,-1,-0.0101213967108404,-0.0049502211555554,-0.0129821153205973,0.018196408480033
2022-01-28,-1,0.0308868836561399,0.0245320565030558,-0.0029877523376664,0.0003494169442338
2022-01-31,-1,0.0314776327451097,0.0178507859006701,0.0059070563312306,-0.0051834871182059
2022-02-01,-1,0.0067806398383248,0.0067341862121545,0.0008325368758188,-0.0033252086095815
2022-02-02,-1,0.008092555312743,0.0096672249048013,0.0036194338899541,0.0033813280866721
2022-02-03,-1,-0.0413887739640496,-0.0237855948209633,-0.0014224174555621,-0.0078363601495834
2022-02-04,-1,0.0125361467451897,0.0046911947008256,0.001540891086981,-0.0148521744763032
2022-02-07,-1,-0.0080771001964802,-0.003214577959974,0.0073753173535773,0.0006476005739638
2022-02-08,-1,0.011172721659855,0.0081942898965836,0.0030522079460774,-0.0067086190678384
2022-02-09,-1,0.0209693394266182,0.0145300653288431,0.0033934142753984,0.0018798453843871
2022-02-10,-1,-0.0228926022401757,-0.0181290500478082,-0.0038037857675304,-0.0160201265589568
2022-02-11,-1,-0.0322354933506904,-0.0199158363479403,0.0188756078655614,0.0147190521599484
2022-02-14,-1,0.0012379292469131,-0.0032745216198012,0.0053364517771822,-0.0125194085403499
2022-02-15,-1,0.0245598999760253,0.0159982920913528,-0.0095452603702391,-0.011417761312776
2022-02-16,-1,-0.0002528012232188,0.0011201439579186,0.0102317313073376,0.0059090385373558
2022-02-17,-1,-0.0301947613531802,-0.0215929608988681,0.0135755081689762,0.0074114472762479
2022-02-18,-1,-0.0114712444044978,-0.0064960966576256,-0.0007337240197317,0.0104718962327546
2022-02-22,-1,-0.010094390568977,-0.0107896661446594,0.0020868588568963,0.0026012126540964
2022-02-23,-1,-0.0259489843827245,-0.0178978416040745,0.0044971001402729,-0.0138776954377037
2022-02-24,0,0.0330521900328861,0.014937024955757,-0.0064710234538261,0.0006586367097965
2022-02-25,0,0.0153878879234108,0.0218241123487015,-0.0033362372759372,0.0007307496059679
2022-02-28,0,0.0029745981688619,-0.0025618922103837,0.0103119939512437,0.0216815587853163
2022-03-01,0,-0.0154298785058037,-0.0153474057738246,0.0180004317657538,0.0114953206927303
2022-03-02,0,0.0166403799028279,0.0182292663530509,-0.0104608643845172,-0.0347801299339783
2022-03-03,0,-0.0143878998818054,-0.0049910954997614,0.0059357638448758,0.0101336977834578
2022-03-04,0,-0.0145980298839182,-0.0081576568148974,0.015803608419049,0.0171166829710807
2022-03-07,0,-0.0375786838995545,-0.0299225730497596,0.014753495270293,-0.0076589400172606
2022-03-08,0,-0.0046587076210284,-0.0076105919857907,0.0269914293684263,-0.0101108129394706
2022-03-09,0,0.0353652963849575,0.0264576808979596,-0.0301614952662057,-0.0098471939497008
2022-03-10,0,-0.0111669034079673,-0.0045256583012565,0.0031163668784777,-0.0144716309775938
2022-03-11,0,-0.0209563040496075,-0.0127966354629245,-0.007052696024243,0.0033411727288885
2022-03-14,0,-0.0193916291636297,-0.0073351763296757,-0.0151884750581413,-0.0236258266067782
2022-03-15,0,0.0308849300003168,0.0217520933632046,-0.018882610033681,-0.0017470235661387
2022-03-16,0,0.0364156187269183,0.0219320013882006,0.0062412859954877,0.0097597102552936
2022-03-17,0,0.012033594352259,0.0124332344044425,0.004876733952655,-0.0074815862214936
2022-03-18,0,0.0202612511840635,0.0108932461324667,-0.0088287107078973,0.0121386905532672
2022-03-21,0,-0.0027839560237778,-0.0002924983361291,0.0076117550195462,-0.0234288760048514
2022-03-22,0,0.0194619977553263,0.0116336385988061,-0.0072771899242425,-0.0128942829256952
2022-03-23,0,-0.0144758222430843,-0.0129621406689608,0.0135672095760514,0.0216781599456029
2022-03-24,0,0.0219835573220069,0.0149618460539631,0.0072341375131086,-0.0078637399538373
2022-03-25,0,-0.0008345903834257,0.0048716203523535,-0.0041038605376913,-0.013969702966127
2022-03-28,0,0.0153539941389661,0.0070879524859023,-0.018371517706821,0.0085132309418221
2022-03-29,0,0.0170631739239104,0.0122948949096334,0.0004466880684897,0.0075239738129904
2022-03-30,0,-0.0111070198532281,-0.0061938806851187,0.0080062833792575,0.0077714461291673
2022-03-31,0,-0.0124720898198478,-0.0155110399142088,0.0003875207880487,0.0024257679525699
2022-04-01,0,-0.001905163391656,0.0028301362544801,-0.0063862158789014,0.0037992066760099
2022-04-04,0,0.0203795496950867,0.0085299992444421,0.0048350616826839,-0.0069737894019722
2022-04-05,0,-0.0224542377129545,-0.0127115911836589,-0.0062845490460992,-0.0228515087334357
2022-04-06,0,-0.0219506871913019,-0.0100499444513716,0.0023404756196963,-0.0081271479389946
2022-04-07,0,0.0023748847927204,0.005026450144919,0.0037777415804506,-0.0075608777519533
2022-04-08,0,-0.0140776532417938,-0.0026774235567177,0.0062464197486159,-0.0108896432210085
2022-04-11,0,-0.0239416219761846,-0.0172401286175593,0.0049472061408498,-0.0159516849738369
2022-04-12,0,-0.0042334241131799,-0.0037120998811835,0.0076474353017589,-0.0013814572698254
2022-04-13,0,0.0201231626455635,0.0113885837409267,0.0047771092877693,0.0020309075258489
2022-04-14,0,-0.0231324033668805,-0.012530030159013,-0.0033090194372706,-0.0202491425438933
2022-04-18,0,0.0007679994417168,0.0004112084720458,0.0030924062818564,-0.0049813945082439
2022-04-19,0,0.0221047843655184,0.0160135136824953,-0.0152282681121338,-0.0075184913475143
2022-04-20,0,-0.014691980092067,-0.0007417283041247,0.0048830061930919,0.0199259725343732
2022-04-21,0,-0.0209081016538567,-0.0150665739518619,-0.0035639435023602,-0.0074260866786151
2022-04-22,0,-0.0265348074839064,-0.027822552183564,-0.0097696613524008,-0.0063135757028803
2022-04-25,0,0.0127638707232288,0.0057807158345187,-0.0181344325202295,0.0099510643938157
2022-04-26,0,-0.0384757696136629,-0.0293882237278346,0.00152385538733,0.0100165730088773
2022-04-27,0,-0.0011990749236201,0.0028077748290406,-0.0075857232426336,-0.0129088871716263
2022-04-28,0,0.0348997910245867,0.0249456082517836,0.005383804789463,0.0014883251834629
2022-04-29,0,-0.046042638958641,-0.0376556004869633,-0.0001129833478409,-0.0130578394062614
2022-05-02,0,0.0165582759053635,0.0060014145904293,-0.0187145229029449,-0.0174856624265734
2022-05-03,0,0.0010671790295088,0.0045734504033714,0.002645759356915,0.0067192323337188
2022-05-04,0,0.033252856662348,0.0299983282017711,0.0097746167754347,0.0054948965697862
2022-05-05,0,-0.0516765927281723,-0.0361898550133255,-0.0038184194446891,-0.0277808895546023
2022-05-06,0,-0.0120531410495497,-0.0059867609883338,0.0016545049194706,-0.0148451780382497
2022-05-09,0,-0.039912832172373,-0.0325409149816342,-0.0145853476425463,0.0087590879711119
2022-05-10,0,0.0120754606518188,0.0023078788808471,-0.0084810656535207,0.0090289073043104
2022-05-11,0,-0.0301068444024353,-0.0160137666961809,0.008133958004822,0.0190886213637787
2022-05-12,0,-0.0023672475140443,-0.001044510313943,-0.0154527061706768,-0.001866916249148
2022-05-13,0,0.0363898275458332,0.0236265649268753,-0.0081426276988109,-0.0148912399885521
2022-05-16,0,-0.0116595020258303,-0.0040658061392714,0.0094932796520766,-0.0010353421550462
2022-05-17,0,0.0255715624629337,0.0203617562204843,-0.0062990940856839,-0.0121570428992453
2022-05-18,0,-0.050335985398613,-0.0411468281022769,0.0005313437048441,0.0210935537171571
2022-05-19,0,-0.005372833022201,-0.0061433276665019,0.0145902771602608,0.0023923096249803
2022-05-20,0,-0.0031130473292934,0.0004365474133427,0.000697767757192,0.0112857604459257
2022-05-23,0,0.0164909096747958,0.0185371965188552,0.0046395898938689,-0.0165908873209146
2022-05-24,0,-0.021491574624431,-0.0076630915034748,0.007493711725538,0.0195401033790673
2022-05-25,0,0.0138983171356119,0.0087960316978119,-0.0060482487965583,0.0039463679592518
2022-05-26,0,0.0273304620981125,0.0197843399251249,-0.0018506096399272,-0.0045352227752325
2022-05-27,0,0.0321181582539076,0.0242528310491341,0.0005208853826908,0.0024383205475763
2022-05-31,0,-0.0026563902922315,-0.0056271425228535,-0.0099422702551653,-0.0213895691106628
2022-06-01,0,-0.0074233572895215,-0.0081212153215377,0.0063488366174163,-0.0011435477685094
2022-06-02,0,0.0270171727076352,0.0188644072517345,0.0122340400879811,0.0005159571399362
2022-06-03,0,-0.0263634427984033,-0.0165476104786089,-0.010203900438868,-0.0021524032765485
2022-06-06,0,0.0033253588077117,0.0030402168826899,-0.004413447852864,-0.0186157066798447
2022-06-07,0,0.0085887314573192,0.0095464750031892,0.0064972678121684,0.0107421325039779
2022-06-08,0,-0.0072227512746223,-0.0109317193665783,-0.0009256257836888,-0.0088996451413105
2022-06-09,0,-0.0271495786513874,-0.0240702640316705,-0.0031883338247287,0.0033246828558894
2022-06-10,0,-0.0359076260238057,-0.0294240981809618,0.0133231352281609,-0.0062213282121818
2022-06-13,0,-0.0476122430362505,-0.0387080087814996,-0.0267673588244725,-0.0318819032950673
2022-06-14,0,0.0018138915598006,-0.0030177984837416,-0.0080354072032867,-0.0126937112889612
2022-06-15,0,0.0246651344751933,0.0141556254312407,0.0129665096766109,0.0184843357545073
2022-06-16,0,-0.0411827636763455,-0.0336561519054435,0.0111804468161364,0.00790827618769
2022-06-17,0,0.0120862218184846,0.0021534249626212,-0.0082568101440456,0.0032170211181806
2022-06-21,0,0.0249163405862219,0.0248617782998569,-0.0037437854344901,-0.0170973660017752
2022-06-22,0,-0.0014595319232613,-0.0018144909014615,0.0039772683354227,0.0271292479490643
2022-06-23,0,0.0147831331317477,0.0097548915337247,-0.0061481182984487,0.0081810603209232
2022-06-24,0,0.0336897109341573,0.031298811777815,-0.0009989609969459,-0.0139396165442745
2022-06-27,0,-0.0073587283003588,-0.0038269654222067,-0.001117694441858,-0.0085650689846178
2022-06-28,0,-0.0309404177052112,-0.0206444909085911,-0.0016493806069405,0.0046488360795912
2022-06-29,0,0.0009164960136771,-0.000814491924948,-0.000766651706858,0.015487786791975
2022-06-30,0,-0.0124805984872627,-0.0081576625744573,-0.0060955876983352,0.0087432770509764
2022-07-01,0,0.0065787669873422,0.0105210129693334,-0.0008313996785857,0.0102142238169116
2022-07-05,0,0.0169748400534838,0.0018866670288318,-0.0214377996803844,0.0078263633182955
2022-07-06,0,0.006391591389957,0.0033718603549166,-0.0159690175874046,-0.0169333018328863
2022-07-07,0,0.0211731642744696,0.0148658148179926,0.00055489929127,-0.0088392368094406
2022-07-08,0,0.0012534353936797,-0.0008224888073569,0.0004314382372538,-0.0111374703492112
2022-07-11,0,-0.0215959925590063,-0.0114896274845251,-0.0053749265251639,0.0170970895955407
2022-07-12,0,-0.0097345182967114,-0.0088881846727149,-0.0037236489059839,0.0059243877913924
2022-07-13,0,-0.002063144885497,-0.0052655658634276,0.0047762659636861,0.0114013896324434
2022-07-14,0,0.0035645118484558,-0.0024314616788197,-0.0141466492616412,-0.0081924710152359
2022-07-15,0,0.0179765233214587,0.018924829875405,-0.0020104758163567,0.0056124809355407
2022-07-18,0,-0.0084987534709487,-0.0082912583601365,0.0009429497894323,-0.0104730188172684
2022-07-19,0,0.0302900032142496,0.0266607013549166,0.0023846238326167,-0.0054091820201997
2022-07-20,0,0.0157324409787628,0.0063527849432444,-0.0094465093392112,0.0026210877765593
2022-07-21,0,0.0142526512762002,0.0101318542105776,0.0140117966022655,0.0171281974304895
2022-07-22,0,-0.0176908397142484,-0.0093214224941233,0.0024926409954947,0.0166713811542885
2022-07-25,0,-0.0057117824803967,0.0012142559680341,-0.0027423043036363,-0.0098332405510595
2022-07-26,0,-0.0198445457448132,-0.011901669429096,-0.0011865143173863,0.0007666052217754
2022-07-27,0,0.0413912522504365,0.025634870094189,0.0101334672497858,-0.0056339085923818
2022-07-28,0,0.009730498032624,0.0124645158025273,0.0121116800437174,0.007929615539788
2022-07-29,0,0.0180727030043263,0.0144736689481798,0.0028071459585694,-0.0027215261816966
2022-08-01,0,-0.0006024813164064,-0.0029657160837894,0.0056512328686964,0.0237983980099024
2022-08-02,0,-0.0029861428445106,-0.0066193932878977,-0.0059559901489022,-0.0213869817680506
2022-08-03,0,0.0268682485927704,0.0155382056399464,0.0024352760679877,0.0156220550472582
2022-08-04,0,0.0046657432802597,-0.0006758029925872,0.016404693683584,-0.0003352746520992
2022-08-05,0,-0.0082024399876611,-0.0016915469029867,-0.0113097814507426,-0.0240915165473498
2022-08-08,0,-0.003237824732144,-0.0011615804500844,0.0084343482908361,0.016012624728528
2022-08-09,0,-0.0113830884448354,-0.0039790416373827,0.0030548677970775,-0.0038942079733618
2022-08-10,0,0.0275287080460274,0.0207864627653172,-0.0025151110588634,-0.0065529003970969
2022-08-11,0,-0.0056922557988064,0.0,-0.0026417069148636,-0.0235852847571014
2022-08-12,0,0.0192833601755062,0.0167874732590793,0.0091559768227203,0.0100895900866425
2022-08-15,0,0.0080489483499079,0.0041120478807517,-0.0129505280899891,-0.0008658312089244
2022-08-16,0,-0.0023447892779328,0.0019570066649344,-0.00175162996283,0.0041492145730165
2022-08-17,0,-0.0114715842786524,-0.0071233438820405,-0.0064893459471051,-0.0104922643787091
2022-08-18,0,0.0024019016432248,0.0029021286302189,-0.0026198444873023,0.001480703144294
2022-08-19,0,-0.0196894171735296,-0.0135291506838382,-0.0073475529581149,-0.0162335233667787
2022-08-22,0,-0.0266801565450473,-0.021042251878419,-0.006659303367833,-0.0033672388848385
2022-08-23,0,-0.0008272643709219,-0.002422284333201,0.0069665512175815,-0.0055187076764127
2022-08-24,0,0.002892881240594,0.0031960696896633,0.0029445805046794,-0.007345630521251
2022-08-25,0,0.0175275453562227,0.0140188430973782,0.0030581063588208,0.0138402237407177
2022-08-26,0,-0.0418518632469633,-0.0344352050314927,-0.0122271532019299,0.0075093868164787
2022-08-29,0,-0.009904748207987,-0.0066340794025336,0.0006180465249853,-0.0083076491033663
2022-08-30,0,-0.0111986390617258,-0.011038688017671,-0.00837555613648,0.0024817333939274
2022-08-31,0,-0.0058302889720701,-0.0076380797938609,-0.0077553096129762,-0.0096069802274453
2022-09-01,0,0.0004341625288096,0.0031329575201264,-0.0088290234746503,-0.0184779725070914
2022-09-02,0,-0.0142291533682066,-0.0106003238598333,0.008766173723188,0.0056410289774431
2022-09-06,0,-0.0072081882504369,-0.0037803555987925,-0.0058565782593561,-0.0250802847158121
2022-09-07,0,0.0200000645593195,0.0178053912831317,0.0101172860901148,0.0156914681257352
2022-09-08,0,0.0051710279267391,0.006515185574518,-0.0060203788974946,-0.0103102636438703
2022-09-09,0,0.0216265862676423,0.0154155929656809,0.005269846503477,0.0022182516964354
2022-09-12,0,0.0118159018398617,0.0106904763014437,0.0050553861933215,-0.0082510990846679
2022-09-13,0,-0.0563980286986737,-0.0444562476212373,-0.0130967289066481,0.0023246041993933
2022-09-14,0,0.0079021597568477,0.0038086309207673,-0.0038550345553118,0.003430975043758
2022-09-15,0,-0.0167940795337207,-0.0114183692274399,-0.0188558017376182,-0.0006484842946637
2022-09-16,0,-0.0061335984254264,-0.0076581112103768,0.0055337676270803,-0.0083706460039254
2022-09-19,0,0.0077575049396787,0.0077249771298697,0.000769790767981,0.0023323551058681
2022-09-20,0,-0.0080030772876571,-0.0115448426963816,-0.0057229320552936,-0.0100201612664035
2022-09-21,0,-0.0180686202452658,-0.0175977096806873,0.0046322283209624,0.0166139904794926
2022-09-22,0,-0.0123837253626954,-0.0084352504438935,-0.0005778441890031,-0.0258804121514623
2022-09-23,0,-0.0164158880978681,-0.0168968625048087,-0.0174278164066748,0.0040766011134137
2022-09-26,0,-0.0041464268387666,-0.0099418554449273,-0.0117014143217974,-0.0192955776264186
2022-09-27,0,0.0004009812647688,-0.0025560266403685,0.0020477436877313,-0.0266840223984971
2022-09-28,0,0.0196969208117122,0.0194852940823931,0.0205735578321778,0.032933643225908
2022-09-29,0,-0.0292514081056226,-0.0211102605901433,-0.0001939471718055,-0.0051894954265906
2022-09-30,0,-0.0171022264435827,-0.0155842991835971,6.462035224685361e-05,-0.0129946541882796
2022-10-03,0,0.0231896826686766,0.0260587471986463,0.0240190059453634,0.015764464070404
2022-10-04,0,0.0309565901881473,0.0305160792858045,0.0142264445961119,-0.002796929489494
2022-10-05,0,-0.0005318306495639,-0.0023308809690021,-0.0055536594329764,-0.0096075432121162
2022-10-06,0,-0.0079038550445528,-0.0103693804269018,-0.0011269264553861,-0.0055736708965587
2022-10-07,0,-0.0388491444778762,-0.0282902659049497,-0.0110233861426891,-0.0097553998764615
2022-10-10,0,-0.0100467797852079,-0.0076646278015091,-0.0153182032171569,-0.0156683818875713
2022-10-11,0,-0.0138332433374166,-0.0063530223275485,-0.0020602123309399,0.0044159418337783
2022-10-12,0,-0.0003427442004562,-0.0033039414839262,0.0053350716717094,0.0048951787224084
2022-10-13,0,0.023181674478298,0.0260488196421877,-0.0069476110871142,-0.0096125780608687
2022-10-14,0,-0.0305183956573713,-0.0230523921571723,-0.0125371607930224,-0.0082846052378771
2022-10-17,0,0.0324880753044598,0.0253724410776798,0.0028720806307473,-0.0048815792700242
2022-10-18,0,0.007876696864005,0.0116810233703063,0.0021486600903921,0.0023421934062767
2022-10-19,0,-0.0036533849731178,-0.0071118060486091,-0.0134889259883384,-0.0183739592871679
2022-10-20,0,-0.0051149143331808,-0.0084206572465921,-0.0015834633753089,-0.0172409389506184
2022-10-21,0,0.0231770903475695,0.0240108852270869,0.0176705974145265,-0.0181868365966042
2022-10-24,0,0.0109410774528262,0.0121622278087524,-0.0032488658845126,-0.0082989407182762
2022-10-25,0,0.0204749592869442,0.0158423951446577,0.0022753535606352,0.028697077898391
2022-10-26,0,-0.022343948917192,-0.0075625159358847,0.0063434463543533,0.0143041918145685
2022-10-27,0,-0.018373915854439,-0.0053542829078832,-0.0015497241473593,0.0104163375111678
2022-10-28,0,0.0301417370160898,0.0235120025696891,-0.0102631741011786,-0.0068976593854154
2022-10-31,0,-0.0116956442159765,-0.0072496392515084,-0.0081948861927748,-0.0071536467972109
2022-11-01,0,-0.0102706594276835,-0.0043853673593321,0.0101517261727974,0.0093023105094316
2022-11-02,0,-0.0348781157654185,-0.0254165460572156,-0.0069969702028922,-0.0043496635129137
2022-11-03,0,-0.0197280192011401,-0.0103501116546253,-0.0038132974339371,-0.0054119721247561
2022-11-04,0,0.0159567751191566,0.0142904445298836,0.0302345832528433,-0.0169427838369534
2022-11-07,0,0.0109344363076621,0.0095201305544144,-0.0039702607393793,-0.0100268788583166
2022-11-08,0,0.0072607630921583,0.0053809273766103,0.0228363289406868,0.0108756312201268
2022-11-09,0,-0.0233467343514836,-0.0208172674215045,-0.0050298947591616,0.0032819349902457
2022-11-10,0,0.07119327520265,0.0534971728893269,0.0299901530039926,0.0377522890641525
2022-11-11,0,0.0182583856873525,0.0096321772469448,0.0065845979471178,-0.0036711384418915
2022-11-14,0,-0.0087896848649482,-0.0085431776845469,0.0021852662272774,-0.002455110419465
2022-11-15,0,0.0137431923884759,0.0084930651507773,0.0035106980811025,0.0160511320224018
2022-11-16,0,-0.0137431923884758,-0.0076580350946732,-0.0022987420952167,0.02163243666265
2022-11-17,0,-0.0022096826474423,-0.0030647078386335,-0.0072939599616732,-0.0106079698453553
2022-11-18,0,3.5162757707341084e-05,0.0045301962487646,-0.0069175073823137,-0.0069011512270933
2022-11-21,0,-0.0103402774681505,-0.0036428538397377,-0.0056056352070885,0.0042062577860707
2022-11-22,0,0.014299852999905,0.0133674443971222,0.0011730356909015,0.0140918792431979
2022-11-23,0,0.0099866122875597,0.0062816862081373,0.0062125033172795,0.017291152138605
2022-11-25,0,-0.0066001070867457,-0.0002237298863343,0.0008581023409725,-0.0033955986250967
2022-11-28,0,-0.0147820599415316,-0.0160856250766455,-0.0079348936653714,0.002814395154646
2022-11-29,0,-0.0075983227157301,-0.001719019434534,0.0049282615630087,-0.0117949074451909
2022-11-30,0,0.0445772743989968,0.031014500353448,0.0127009210150128,0.0073273100702069
2022-12-01,0,0.0012264327156967,-0.0007360467569426,0.0182178423963075,0.0314464424697435
2022-12-02,0,-0.0039912321748619,-0.001154357914743,-0.0034616677176241,0.0124967168367914
2022-12-05,0,-0.0169257770081632,-0.0181530054854693,-0.0173078053027201,-0.0141059796703406
2022-12-06,0,-0.0209380380359888,-0.0145195894885749,0.0027336344458788,0.0127980008059203
2022-12-07,0,-0.0040910056993295,-0.0017028709913099,0.0089984935565378,0.0232890815794491
2022-12-08,0,0.0117651307469269,0.0078035134538711,0.000841342527782,-0.002744168955293
2022-12-09,0,-0.006397091008925,-0.0074982347706793,0.0035378943750204,-0.0263589652090484
2022-12-12,0,0.0124734455860275,0.0143142037553247,-0.0082948418335018,0.003192469057487
2022-12-13,0,0.0106925606055087,0.0075414283568951,0.0169368897336953,0.0096098335197877
2022-12-14,0,-0.007441375979377,-0.0064140501244927,-0.0024359858905979,0.0042619141912794
2022-12-15,0,-0.0341532664191112,-0.0247657516486381,-0.0164946003829018,0.0038940067576217
2022-12-16,0,-0.0095801393834231,-0.0118763914126373,0.00867101949516,-0.0112334190423002
2022-12-19,0,-0.0141530773120423,-0.0085158673562129,-0.0028218082489996,-0.0169479418014248
2022-12-20,0,-0.0007790184164058,0.0013675180234569,0.01645829894144,-0.0179164663386689
2022-12-21,0,0.0144021136120139,0.0148417119669484,-0.0016573862871153,0.0025103909918789
2022-12-22,0,-0.0247694248786869,-0.0143689388059692,-0.0121589801689325,-0.0001927311498387
2022-12-23,0,0.0022465154837817,0.0057357710538998,0.0029938350392547,-0.0147693044806123
2022-12-27,0,-0.0142390087925704,-0.0039512279195217,0.0083946773027696,-0.0199708793074001
2022-12-28,0,-0.0132908894092324,-0.0125057504944664,-0.0045159890327506,-0.0059091179331691
2022-12-29,0,0.0240828870828582,0.0178402689746502,0.005582639597805,0.0112870312738314
2022-12-30,0,-0.0006004973882914,-0.0026377119603027,0.0046677580293306,-0.0111868778913334
2023-01-03,0,-0.0067830534845618,-0.0042187390330141,0.0083358168719463,0.0189043714564424
2023-01-04,0,0.0047529057156454,0.0076905392738172,0.0093678899395659,0.0136068058084881
2023-01-05,0,-0.0157780849076027,-0.0114788355096469,-0.0125296308674875,0.0041722150878547
2023-01-06,0,0.0272274072554103,0.0226728474332565,0.0185346638111992,0.0182293846405226
2023-01-09,0,0.0064522744196954,-0.0005669563185534,0.0022426010679794,0.0053101298859982
2023-01-10,0,0.0084289629776737,0.0069883850566683,0.0036693044744913,-0.0166884127544504
2023-01-11,0,0.0171520406066674,0.0125685747917182,-0.0006870298860052,0.0161210251948495
2023-01-12,0,0.0053900264232447,0.0036341476951912,0.0115016032132319,0.0194908691848138
2023-01-13,0,0.0068569331604057,0.00387210542325,0.0119303337025929,-0.0094168590526627
2023-01-17,0,0.0020268955242512,-0.001833785787367,-0.0065665912906243,-0.0064847712378163
2023-01-18,0,-0.0130852079491341,-0.0159139284294305,-0.0028758838411488,0.0239426001598771
2023-01-19,0,-0.009873352693594,-0.0073062891728044,0.0157439313774708,-0.0062794202781738
2023-01-20,0,0.0269992999134674,0.0184575261037424,-0.0033409804213138,-0.0163439507379204
2023-01-23,0,0.0219727623525478,0.0119271622764596,0.0018946378029897,-0.0047192221782567
2023-01-24,0,-0.0020438724204273,-0.0010738478473293,0.0036119840879409,0.0142778573386069
2023-01-25,0,-0.0022220916023253,0.000374839392828,0.004593393795208,0.0024220746003227
2023-01-26,0,0.0193099779183869,0.0109303484659844,-0.009096515003608,-0.0046632883196208
2023-01-27,0,0.0099052008615356,0.0022950483218364,-0.0013939615756237,-0.0025270035081392
2023-01-30,0,-0.0204258707120716,-0.0126263409448031,-0.0025700149312909,-0.0036613553508689
2023-01-31,0,0.0148748953429532,0.0145964391889139,0.0036296165072691,0.0079628210752765
2023-02-01,0,0.0211580032050255,0.0105716226691875,0.0125181345283875,0.011950029519989
2023-02-02,0,0.0352608394467779,0.0144520220700921,-0.0209702840085377,0.0012927530854133
2023-02-03,0,-0.017932248207944,-0.0106859442425125,-0.0252744964012274,-0.0150684833656008
2023-02-06,0,-0.0084951148350889,-0.0061301115652324,0.0020732591842408,-0.0074315853307185
2023-02-07,0,0.020507199589854,0.0129938732086032,0.0009200023760844,-0.0080578778485872
2023-02-08,0,-0.0179411091402987,-0.010994910719194,0.0024685447555079,0.0047477878213505
2023-02-09,0,-0.0088770740727375,-0.0087070660384222,-0.0079438874640135,-0.0095183878544418
2023-02-10,0,-0.0065848077751739,0.0023309775884389,0.001905377935128,-0.011252912099759
2023-02-13,0,0.0158890260256537,0.0116704612855221,-0.0050890977989504,0.0083796877517868
2023-02-14,0,0.0073618397329667,-0.0004600795913765,0.0007534549847423,-0.0023045710188094
2023-02-15,0,0.0076318206871768,0.0032419653576259,-0.0100146468474003,-0.0093687648362533
2023-02-16,0,-0.0189425416094988,-0.0138644227028153,-0.000819572636313,-0.0142693417152923
2023-02-17,0,-0.0070805926616091,-0.0025012051941571,0.0029823390721485,0.0077461327754614
2023-02-21,0,-0.0239598079689545,-0.0202649897456295,-0.0037440046605545,-0.0196287036462507
2023-02-22,0,0.0007477945868119,-0.0013790460164844,-0.0056423768979153,0.0091223321184253
2023-02-23,0,0.0086960584580916,0.0053052657087606,-0.0005305918526508,0.0097247812795004
2023-02-24,1,-0.0168858427400726,-0.0107400811720683,-0.0072206822499255,-0.0130860810759417
2023-02-27,1,0.0071357061626701,0.0034002791758559,0.0039126704061281,0.0027689298141798
2023-02-28,1,-0.001293609930963,-0.0037026640169387,0.0045456218517804,0.0045331200576515
2023-03-01,1,-0.0080715455750111,-0.0038433556662187,0.0057555556009345,-0.010800985221369
2023-03-02,1,0.0082418057696723,0.0077471134444974,-0.0005857351538961,-0.0089069846361837
2023-03-03,1,0.0204631102320964,0.015910654288187,0.0106660010558637,0.0239371732192232
2023-03-06,1,0.0011338067382576,0.0006924481276263,-0.0050565936951402,-0.0077835104513405
2023-03-07,1,-0.0123417787144127,-0.0154473788297749,-0.0176350683906361,0.0061135981099539
2023-03-08,1,0.0049818218711881,0.0016307534663686,-0.0004745630282821,0.0009827619509634
2023-03-09,1,-0.0174776134388862,-0.0186222322896466,0.0098011277000977,0.0024522292284743
2023-03-10,1,-0.0141432804540103,-0.014534515741722,0.0213336672477239,0.0339044830946416
2023-03-13,1,0.0073890970962765,-0.001426260353174,0.0226888619465587,0.0022707999283045
2023-03-14,1,0.0227197899125348,0.0163949550710636,-0.0058078979813613,-0.0165782082767815
2023-03-15,1,0.0052322312807633,-0.0062738697717585,0.0077738384371423,0.0191258576129784
2023-03-16,1,0.0260192768408418,0.0173928194155767,0.0020180543660701,-0.0078534717465859
2023-03-17,1,-0.0047373321255805,-0.0117614753698815,0.0287042767313046,0.0148974350226887
2023-03-20,1,0.0035424703740587,0.0095697382509301,0.0003807952240648,-0.0088362522120688
2023-03-21,1,0.0141814805084541,0.0130450295116213,-0.0190555245693376,-0.008629025653476
2023-03-22,1,-0.0136912404313239,-0.0171935547470412,0.0168773822476493,0.0132450486930396
2023-03-23,1,0.011788252636731,0.0026998256177039,0.0124602240636757,0.0
2023-03-24,1,0.0036737225494848,0.0065404534555136,-0.0113161368911652,0.0042202291725051
2023-03-27,1,-0.0068747430689768,0.001868108105423,-0.0092998317455166,-0.0237710057727619
2023-03-28,1,-0.005325865844396,-0.002247059016848,0.0081557445730061,0.0018193140907882
2023-03-29,1,0.0180698157136825,0.0144301666185619,-0.0049731154716589,-0.0020112066902393
2023-03-30,1,0.0094206317460774,0.0058383107356731,0.0089989641395777,0.004590824501459
2023-03-31,1,0.0164939044535493,0.0139961023559031,-0.0052258772770236,0.0148698458218163
2023-04-03,1,-0.0024333333178356,0.0038032805558098,0.0071785825192108,0.0046922046877967
2023-04-04,1,-0.0033791851979945,-0.0055633949292324,0.0184693456951084,0.0049594853627944
2023-04-05,1,-0.0099213097914922,-0.0026218175548809,-0.0007982432900847,0.0104003864095157
2023-04-06,1,0.0067193595715643,0.0038933176631266,-0.0071596603748997,0.0025830873054344
2023-04-10,1,-0.0005660871845517,0.0010257219704915,-0.0074274015300658,-0.0162556943965971
2023-04-11,1,-0.0064381841999074,0.0002685611546398,0.0063006652922904,0.0020578337909719
2023-04-12,1,-0.0088731672601655,-0.0040842306812558,0.0048732452945133,-0.0010286257541212
2023-04-13,1,0.0193928571853404,0.0131953860760735,0.0134251505879818,-0.0078892824188984
2023-04-14,1,-0.001881702076639,-0.0024459189260851,-0.0178690172198992,-0.0091889032600224
2023-04-17,1,0.0008471458376488,0.0035818552784805,-0.0044637027644765,-0.0119670237214342
2023-04-18,1,6.276618548623323e-05,0.0006521056873768,0.0038732698004284,0.0035569441286911
2023-04-19,1,-0.0004704536310217,-0.0001689446471996,-0.004789973842758,-0.0009599945587087
2023-04-20,1,-0.0076537961811972,-0.0054721122393699,0.0039305245569869,0.0085132701635555
2023-04-21,1,0.0010427299418349,0.0007767028723817,-0.0099368769044517,-0.0056353965079474
2023-04-24,1,-0.0020865483044292,0.0010425376530177,0.0030347260178608,0.0096277639818135
2023-04-25,1,-0.0190440352660882,-0.0160011893685506,0.0050734265105617,0.0145974400404745
2023-04-26,1,0.0060464390093858,-0.0042445904425921,-0.0054522226988371,-0.0107155003373995
2023-04-27,1,0.0268277990980801,0.0197126042596579,5.409892927983666e-05,-0.0099719836675402
2023-04-28,1,0.0068749551595883,0.0084989294587824,0.0002706158931134,0.0160019408614476
2023-05-01,1,-0.0011478049876568,-0.0010103558533018,-0.0045014682483947,-0.0292585579809598
2023-05-02,1,-0.0087598122818089,-0.0113026943813542,0.0191128216996457,0.0246145502978096
2023-05-03,1,-0.0065655166746249,-0.0068878098097248,0.0084433303940008,0.0055664038461188
2023-05-04,1,-0.0035360894238993,-0.0071082047724396,0.0070083375794601,-0.0099278903208406
2023-05-05,1,0.0210317583914556,0.0183433109095231,-0.0157716720128652,-0.0033310790083368
2023-05-08,1,0.002474538743494,0.0002664430099553,0.0012261535425393,-0.0141140121557259
2023-05-09,1,-0.0063534565385308,-0.0043948622801124,0.0070611734943207,-0.0035838988998098
2023-05-10,1,0.0108230873714107,0.0046614634566465,-0.0014294640409972,0.0096571699464789
2023-05-11,1,0.0032548536151641,-0.0017454268785046,-0.0086197995462801,0.010516300059979
2023-05-12,1,-0.0035931606366794,-0.0013111489604975,-0.0017115440993107,-0.0084043201694463
2023-05-15,1,0.0054001739778717,0.0034441284187962,0.0021389727993926,-0.0104115712160817
2023-05-16,1,0.001131562511086,-0.0067051371265355,-0.0125781683307229,-0.0030087424875202
2023-05-17,1,0.0120315062084143,0.0120659521617998,-0.0034678951337033,-0.0029201073325993
2023-05-18,1,0.0184028581704844,0.0095869182560834,-0.0130577944134068,-0.0074365606388414
2023-05-19,1,-0.0022559251256098,-0.0014561415926526,0.0098501566522876,-0.0070963904247055
2023-05-22,1,0.0033526212116859,0.0004061564271684,-0.0023442435084917,-0.0035671275093082
2023-05-23,1,-0.0127573226610379,-0.011286241554553,0.0012000108481294,0.0028744104670622
2023-05-24,1,-0.0051429654566737,-0.0072712363079296,-0.0081011761113672,-0.0049612735896716
2023-05-25,1,0.0240415810444885,0.0086226142941474,-0.0096645790468163,-0.0024898555580284
2023-05-26,1,0.0252295047879226,0.0128674986802351,0.0039876062500003,0.0080449518760247
2023-05-30,1,0.0045247779780504,0.0003808630549881,0.0061714717783212,0.0099414997729929
2023-05-31,1,-0.0057022437318977,-0.0055605338560666,0.0015370188425894,0.0086787630331259
2023-06-01,1,0.0114859576081958,0.0094561516379921,0.0078671033779432,0.0039160804302745
2023-06-02,1,0.0074718357643358,0.0143576834860977,-0.0148572754201647,-0.011018656553375
2023-06-05,1,0.0007045186498523,-0.001918146115727,0.0060023657211361,-0.0018646017251687
2023-06-06,1,-0.0001690112765797,0.002174996359522,0.0010974372841257,0.0058765652384058
2023-06-07,1,-0.0171108892817779,-0.0034637423017605,-0.0120832527588809,-0.0149546760387638
2023-06-08,1,0.0123366743848066,0.0060303128798695,0.0131247330730928,0.0116287476987834
2023-06-09,1,0.0038153909249265,0.0017926806654509,-0.0026881301198417,-0.0013726241536821
2023-06-12,1,0.0167561014460454,0.0090310252112754,-0.0008792504640156,0.002939222669584
2023-06-13,1,0.0076547079252179,0.006571302987121,-0.0073948331208413,-0.0099296802476042
2023-06-14,1,0.0072411021861506,0.0011901174467763,0.0005537743402144,0.0079711310871459
2023-06-15,1,0.0118454275180608,0.0123214788864801,0.0070059823830363,0.009560193833255
2023-06-16,1,-0.0063128321709394,-0.003412150407217,-0.001540401760915,-0.0038909444404031
2023-06-20,1,-0.0014326860666983,-0.0052016318482247,-0.0104046810434885,0.006896241695232
2023-06-21,1,-0.0137212734593583,-0.0051369466466902,-0.0014474699268161,0.0024167153665013
2023-06-22,1,0.0117298181454511,0.0036033097398656,-0.0099664806970392,-0.0121437292629816
2023-06-23,1,-0.0099630136162699,-0.0075887128185486,0.0027534519339434,0.0099205204449273
2023-06-26,1,-0.0134961472290643,-0.0040941162681305,0.0017380933759117,0.0010639436986127
2023-06-27,1,0.0170481400110045,0.0109037112475145,-0.0046041185904783,-0.0026136184082556
2023-06-28,1,0.0019495978791508,0.0005042170858548,-0.0023100760234936,0.0042559013764708
2023-06-29,1,-0.0020045304872288,0.0039336865990078,-0.0010723394318449,-0.0182132717586976
2023-06-30,1,0.0153023097730101,0.0117315979440552,0.0066412216886671,0.0117255843911708
2023-07-03,1,0.0023525023741639,0.0011497540933342,0.0011212477777403,-0.0056851981195128
2023-07-05,1,-2.723740675321262e-05,-0.001488373145426,-0.0035362776439635,-0.0095477231781406
2023-07-06,1,-0.0076450320960539,-0.0078614267035592,-0.002984649764026,-0.0142441376356044
2023-07-07,1,-0.0033254927580778,-0.0025279774518234,0.0074730048154887,-0.0060374539646746
2023-07-10,1,0.0003276175405783,0.0025279774518235,0.0007833887164984,0.0013112103981956
2023-07-11,1,0.0049282325821772,0.0063483977839097,0.0037406077556986,0.0051274080128793
2023-07-12,1,0.0125509961512077,0.0080136256791841,0.0134505552157077,0.0110698915768568
2023-07-13,1,0.0168362169945095,0.0079056126724805,0.0007144446386035,0.0104577608527745
2023-07-14,1,-0.0002110316345556,-0.0006230635416328,-0.0031917364290746,-0.0059060302007992
2023-07-17,1,0.0092952695450374,0.0034663410551877,0.0007163001287566,0.0004935036389463
2023-07-18,1,0.0081473793311112,0.0074029554667681,0.0113911519159545,0.0045287103033669
2023-07-19,1,-0.0002334174368609,0.0022213745072375,0.0001633431137892,0.0112335068357904
2023-07-20,1,-0.0233216681677677,-0.0066566792702474,-0.0050762515407075,-0.012216129132527
2023-07-21,1,-0.0030039008630841,0.0,-0.003069238517008,0.0002950370713459
2023-07-24,1,0.0015962082834291,0.0044573700282611,-0.0042906650791519,-0.0036439745545753
2023-07-25,1,0.0067547048355675,0.0027263941487012,0.005552416740764,-0.001876207323265
2023-07-26,1,-0.0033319850081411,0.0001536089360242,0.0048672507195615,0.0009880169752377
2023-07-27,1,-0.0023869105122513,-0.0066518568291959,-0.0158367154149907,-0.0196445303822229
2023-07-28,1,0.0180509229026691,0.0097426061999219,0.0079497075742812,0.0051224341836099
2023-07-31,1,0.0005213503737698,0.0019022932887149,0.0026907870721923,0.0024019534551731
2023-08-01,1,-0.0023222762905553,-0.0028657071983159,-0.0104187669555819,-0.0165229268352868
2023-08-02,1,-0.0221884397932746,-0.01400847814444,-0.0047769939185,-0.010756357650919
2023-08-03,1,-0.0016039766503551,-0.0028699570641665,-0.0003342029183236,-0.0233415788755216
2023-08-04,1,-0.0046927022995522,-0.0045330788507442,0.003613876354074,0.0175568454414325
2023-08-07,1,0.0084309904386767,0.0086907573201115,-0.0022779889325187,-0.0098900307466938
2023-08-08,1,-0.0085385171818996,-0.0043582352759348,-0.0063612702400246,0.0115465020965399
2023-08-09,1,-0.011055484963576,-0.0067077137251608,-0.0047695633496728,0.0051576269935928
2023-08-10,1,0.0018465010432323,0.0003588931711232,-0.0010691758408616,-0.0165995882947052
2023-08-11,1,-0.0063960792200922,-0.0005831875206847,0.0,-0.0023041867839749
2023-08-14,1,0.0111597510186847,0.0055047586240953,-0.0030452205303896,-0.002204406857538
2023-08-15,1,-0.0106684071648071,-0.0117172649871017,-0.0026580037072091,-0.0061137746572277
2023-08-16,1,-0.010645453914029,-0.0073652140621014,-0.0057927751891949,-0.0078546724671283
2023-08-17,1,-0.0109830029166025,-0.0076490409151981,-0.0015390561619561,-0.0042715440690808
2023-08-18,1,-0.0012556962835996,0.000481190978531,0.000171113589552,0.003525335300286
2023-08-21,1,0.0159831023829816,0.006485101544522,0.0027339296425673,-0.0134200325191521
2023-08-22,1,-0.001429890792385,-0.0027121456962648,0.0016481975934526,0.0076447074818186
2023-08-23,1,0.0156453706598491,0.0110760768157156,0.0101133281445836,0.024475233928127
2023-08-24,1,-0.0216074403970686,-0.0139558725666134,-0.0002248455933195,-0.006615578431714
2023-08-25,1,0.0077215994114126,0.0070250251109225,-0.0012941233726573,0.0032606141849561
2023-08-28,1,0.0074988851152001,0.0063213037330917,0.0028672388757646,0.0010498341620885
2023-08-29,1,0.0216047681480829,0.01435136495879,0.0097206923776326,0.0103325859019979
2023-08-30,1,0.0055612861617221,0.0041103508861072,0.0024987503158226,-0.0010388623434286
2023-08-31,1,0.0029939475813511,-0.0014645289400973,-0.0016651113471639,0.0044590626127634
2023-09-01,1,-0.0010586812350636,0.0018633840564082,0.0004997991755412,-0.0157007587153899
2023-09-05,1,0.0012702339538284,-0.0043312105794029,-0.0081951746224915,-0.0141214351758933
2023-09-06,1,-0.0088467810562604,-0.0067451506512211,-0.0045445560630184,0.002456382320468
2023-09-07,1,-0.0071772833293302,-0.0030748614834071,0.0010678794784509,0.002769584021992
2023-09-08,1,0.0013964724519275,0.0015049765644156,0.0003369702787594,0.0038220118232025
2023-09-11,1,0.0117139704842279,0.0065550214025489,0.0018513951035425,-0.0072317320482994
2023-09-12,1,-0.0111504000076258,-0.0055006437562316,-0.0051699926635786,0.0057470603225096
2023-09-13,1,0.0038019543089976,0.001165217106242,-0.002312682045193,-0.0002122760141718
2023-09-14,1,0.0081440312826914,0.008585381228076,0.0005080950731221,-0.0072439694211463
2023-09-15,1,-0.0172713473558513,-0.0121214064712824,0.0065821068949775,-0.0061131896853282
2023-09-18,1,0.0010417735590656,0.0005862429320656,0.0058703831363188,0.0056852350752898
2023-09-19,1,-0.0021335769247245,-0.0020758781402667,-0.0009480950413542,-0.0074075834250818
2023-09-20,1,-0.0145152588554204,-0.009235908788924,0.0007251297423292,0.0031198226841734
2023-09-21,1,-0.0184944183450796,-0.0166665594838896,-0.0072748111459232,-0.0260093874394745
2023-09-22,1,0.0001396661308451,-0.0022510634376735,0.0031961900557462,0.0080161416829569
2023-09-25,1,0.0047385395603057,0.0041963880633764,-0.0051638989324708,-0.0249165946733274
2023-09-26,1,-0.0151301982139202,-0.0148001902418242,-0.0080230849379646,-0.0034819543809154
2023-09-27,1,0.0023405735261356,0.0003990042512088,-0.012443751217319,-0.0051898039236471
2023-09-28,1,0.0083305314630875,0.0057807097764331,-0.0050097152043379,0.0030494449926402
2023-09-29,1,0.0007258675567775,-0.0024298227178147,-0.0103285055180993,0.0001126206761706
2023-10-02,1,0.0083109800549748,-0.0003978157324747,-0.0105542058560987,-0.0168817770779002
2023-10-03,1,-0.0177053905281524,-0.0134764012547038,-0.0028924210000569,-0.0217464336292144
2023-10-04,1,0.0135168871161762,0.007255617500643,-0.0001182635075601,0.0140091675918893
2023-10-05,1,-0.0029508145949537,-0.0003769318909832,-0.0018344684108627,-0.00499744330595
2023-10-06,1,0.0166166558230714,0.0118029343876303,0.0051398519222737,-0.012190845702668
2023-10-09,1,0.0050870051437675,0.0063816615985198,0.0182184785369434,0.0231985062762289
2023-10-10,1,0.0055227566902509,0.0051914461682385,-0.0016795054754092,-0.0013838668191915
2023-10-11,1,0.0071099352502643,0.004087876546173,0.00727650782611,0.0206711691272892
2023-10-12,1,-0.0034810454168535,-0.0061151054173402,-0.0030543103873241,-0.0275026267328966
2023-10-13,1,-0.0126496220171962,-0.0049932539901471,0.0316423193817758,0.0177340729613446
2023-10-16,1,0.0112429155999198,0.010466486468751,-0.0048768004743516,-0.0162248310283402
2023-10-17,1,-0.0032808016426593,-4.595102210601599e-05,0.0018525567250013,-0.0110820409503558
2023-10-18,1,-0.0132047085017069,-0.0134146731176983,0.0143671137834947,-0.0088369447069384
2023-10-19,1,-0.0094007918502517,-0.0088252706839208,0.012199301049654,-0.0206855352572788
2023-10-20,1,-0.0150304396381207,-0.0123641513969896,0.0027271753020748,0.0056624768514482
2023-10-23,1,0.0030130281774823,-0.0017346139418539,-0.0033827788768209,0.0119416238415398
2023-10-24,1,0.009681060367421,0.0075109633413287,-0.0001093368636913,0.0130906689921224
2023-10-25,1,-0.0247804073058791,-0.0144559727203053,0.004199991317574,-0.0225129576666711
2023-10-26,1,-0.0192512974850312,-0.012046861714567,0.0015772080037926,0.0152223514998907
2023-10-27,1,0.0047897992844398,-0.0045432089924387,0.0115626934248147,-0.0042578618907522
2023-10-30,1,0.0112023788648885,0.011884912808626,-0.0056565149769635,-0.0045142148675792
2023-10-31,1,0.004770867389331,0.0062605272637206,-0.0054715039881712,-0.0048934854296087
2023-11-01,1,0.0172079585551311,0.0106083319148169,-0.0031556165767174,0.0214505208253843
2023-11-02,1,0.0179904741553713,0.0189830925960273,0.0033185604405963,0.0225408836388514
2023-11-03,1,0.0116804222146545,0.0090820504941817,0.0036323164276059,0.0067552262571603
2023-11-06,1,0.0040709084512401,0.0022978143691925,-0.0078230810507057,-0.0097468933209444
2023-11-07,1,0.0094083334529545,0.0028418991278817,-0.004153745714032,0.0146422278370394
2023-11-08,1,0.0006436741752759,0.000732144205945,-0.0100176534706271,0.016890316191399
2023-11-09,1,-0.0077253582397438,-0.0078293258525495,0.0039750574137907,-0.0232701998468274
2023-11-10,1,0.0222332192285212,0.0154843654022791,-0.0109696999532453,0.0055847032981714
2023-11-13,1,-0.0031232902236315,-0.0009536902939947,0.0055552613869158,-0.0022755560630777
2023-11-14,1,0.0212979554748352,0.0192149439228147,0.0088796361866047,0.0224142265008378
2023-11-15,1,0.0007522924657403,0.0021148940034634,-0.0026390807860946,-0.0141334223633077
2023-11-16,1,0.0008554684535523,0.0012223198433327,0.0112228645793535,0.0123499520092174
2023-11-17,1,0.0002332990224949,0.0012430510828984,-0.0001089082776975,0.0046754085594091
2023-11-20,1,0.0121011921926952,0.0076680977366984,-0.001634716238304,0.0060897497326157
2023-11-21,1,-0.0058263425807722,-0.0021818132268856,0.010740019593542,-0.0004414238161281
2023-11-22,1,0.0040846704331967,0.0038535159213883,-0.0042713618891719,0.003527594074711
2023-11-24,1,-0.0014110700626727,0.0006149695582361,0.0051881153396815,-0.0118448121479771
2023-11-27,1,-0.0008733655153983,-0.0018025089210125,0.0067152202241083,0.0165656480577649
2023-11-28,1,0.0026175740492022,0.0009897140438139,0.013243765854618,0.0019697222193744
2023-11-29,1,-0.000974387996362,-0.0007036807223913,0.0014783465644929,0.0124924924827927
2023-11-30,1,-0.0025170766510437,0.0039296400136784,-0.0041766604910127,-0.0116184455136024
2023-12-01,1,0.0028505080042391,0.0058985253633653,0.0171240372669512,0.0186588678096796
2023-12-04,1,-0.0093267814509882,-0.0052633411504226,-0.0218504175807456,-0.0039867581513016
2023-12-05,1,0.0025076459243271,-0.0001970333124301,-0.003786606077863,0.0212580774934435
2023-12-06,1,-0.0058006505986341,-0.0040378488025428,0.0036801154063575,0.0132299373942933
2023-12-07,1,0.0138757318521996,0.0076013414114877,0.0016489674559858,-0.005753531248682
2023-12-08,1,0.004446647428498,0.004289891718893,-0.0134301735146682,-0.0082168084757867
2023-12-11,1,0.0085059505458389,0.0038820677548469,-0.0111043205602533,-0.0021177201982389
2023-12-12,1,0.007932513360719,0.0045568277590516,-0.0005447904909059,0.0029637118626753
2023-12-13,1,0.0126373024623485,0.0136959951447678,0.0223117644889142,0.0231915367829615
2023-12-14,1,-0.0008672296790207,0.0032042046284152,0.0058454350891878,0.0256800702265342
2023-12-15,1,0.0048221803755861,-0.0016479533758232,-0.0092087827575076,0.0011102485881213
2023-12-18,1,0.0062789034973327,0.0056094768812476,0.0045351876568234,-0.0079996282625979
2023-12-19,1,0.0050966063002935,0.0060623779805684,0.0067908306061815,0.0053739240869088
2023-12-20,1,-0.0149712807375415,-0.0139541698082693,-0.0054608663623584,0.0067523156082812
2023-12-21,1,0.0115683156450206,0.009437269653014,0.0070457557204403,-0.0063481755611125
2023-12-22,1,0.0014948842333498,0.0020076240023529,0.0044246140313629,-0.0045587681072843
2023-12-26,1,0.0061030970404242,0.0042137067028369,0.0075918421515084,0.0028389768708299
2023-12-27,1,0.0020336048303244,0.0018063608956665,0.0045275772625212,0.0175644723769153
2023-12-28,1,-0.0004862676306972,0.0003776781591773,-0.0058324131605246,-0.0072894810950018
2023-12-29,1,-0.0043370419497497,-0.0028992062758209,-0.0015680697977631,-0.009060714044047
2024-01-02,1,-0.0170669129986148,-0.0056119708858162,-0.0023566846852945,-0.0057813304729532
2024-01-03,1,-0.0106379659697051,-0.0082002621677336,-0.0083717551598921,0.0041620499873906
2024-01-04,1,-0.0051598369397351,-0.0032263454231942,0.0010041086074332,-0.0153111259849163
2024-01-05,1,0.0011853778484533,0.0013686873642282,0.0001584428568193,-0.0096120807122719
2024-01-08,1,0.0204572562827554,0.0141751502446411,-0.0078469782930158,0.0098179396871923
2024-01-09,1,0.0019734937994218,-0.001518296457383,0.0003193058065587,-0.0063967125534224
2024-01-10,1,0.0067547482950288,0.0056394503674329,-0.0022906686849215,-0.0046682721550286
2024-01-11,1,0.0020786941188445,-0.000440682270181,0.0019713628783626,0.0055994538637757
2024-01-12,1,0.0005128106825766,0.0006924789559921,0.0097464174657847,-0.0019667413909156
2024-01-16,1,-9.766511902555212e-05,-0.0036779848334703,-0.0095334814649171,-0.0177697273741004
2024-01-17,1,-0.0056567439155375,-0.0055742209006808,-0.0110770755332536,-0.0015829548032413
2024-01-18,1,0.0140943985003411,0.0088535801594794,0.0081991767942437,-0.0093393080258938
2024-01-19,1,0.019636820766052,0.012389062769554,0.0029842685447011,0.0031935699046833
2024-01-22,1,0.0013051132453321,0.0021121024160343,-0.003785111631635,0.0059341154987308
2024-01-23,1,0.0041410858433755,0.0029121973104909,0.0038915513093621,-0.007955413752697
2024-01-24,1,0.005533791023081,0.0010926212844049,-0.0082810842658064,-0.0058745292841613
2024-01-25,1,0.0012204762340791,0.0054241872928952,0.0039621270789886,0.0065133634445819
2024-01-26,1,-0.0059755383715407,-0.0012712454625672,-0.0006949345993064,-0.0019177281136285
2024-01-29,1,0.0101885161456367,0.0078882286861321,0.007033690942252,0.0114507171444389
2024-01-30,1,-0.0066788241736019,-0.0007738460252341,0.0013795741766668,0.0090250157166388
2024-01-31,1,-0.019780483979012,-0.0164517983028753,-0.0007426235867567,0.0097724999133359
2024-02-01,1,0.0117065355127165,0.0130031722582318,0.0103469577000935,0.0194260994936212
2024-02-02,1,0.0167594317610173,0.0104724491145226,-0.0094982669201155,-0.0223363620095791
2024-02-05,1,-0.0013061825871478,-0.0036478814776335,-0.005529246178959,-0.0204002537684284
2024-02-06,1,-0.0020092845335771,0.0028989941340208,0.0052110917695982,0.0097261796095253
2024-02-07,1,0.0102375075173973,0.008305922275241,-0.0002652330017039,-0.0048512650301465
2024-02-08,1,0.0018502216963162,0.0004416538126161,-0.0009022539588233,-0.0058317147933004
2024-02-09,1,0.0097950048100619,0.0057626395882552,-0.0038836838223868,-0.0020225523243421
2024-02-12,1,-0.0039201575650935,-0.0004390532449958,-0.002615386638721,0.0011716252269778
2024-02-13,1,-0.0157200765204255,-0.0138687580085295,-0.013884637194949,-0.0172835266907058
2024-02-14,1,0.0108384120785937,0.0090466068274693,-0.0005962900909107,0.0050763899194971
2024-02-15,1,0.0029732181044734,0.0068760648964674,0.0067013085143281,0.0051581186056047
2024-02-16,1,-0.0091089667780033,-0.0049924261687469,0.0036558786728406,-0.0058044140856204
2024-02-20,1,-0.0075767375234366,-0.0055206105694025,0.0060458967511154,0.0008617528236674
2024-02-21,1,-0.0040098146433639,0.0009054356807234,5.331114505738622e-05,-0.0071340925622064
2024-02-22,1,0.0288553141966918,0.0204842641769655,0.0004266309391015,0.0048694718322292
2024-02-23,1,-0.002949090854319,0.0006894057831889,0.0056356020239861,0.0132976801599949
